timestamp,actual,naive_24h,point,q50,q10,q90
2026-07-02 00:00:00,98.6675,118.825,115.17949835662385,119.58555868339738,90.68745580488223,138.23672031313913
2026-07-02 01:00:00,87.7425,120.8625,115.88518372098093,121.83123206031402,94.18660243020746,130.6166434296973
2026-07-02 02:00:00,83.75,111.24000000000001,105.06535917309049,107.22491650203101,84.34188743519631,123.36451874505065
2026-07-02 03:00:00,69.0975,100.3975,94.60335429086679,98.52160319385226,67.03273633367321,130.25887504542447
2026-07-02 04:00:00,63.75,93.83,85.00378000789125,91.22384202660938,54.8275906281496,126.64351830052229
2026-07-02 05:00:00,67.535,98.57,92.07815927573942,97.29447568602865,62.64667098953882,128.80279572528605
2026-07-02 06:00:00,74.2175,113.5275,105.97687650847425,112.5497665420047,82.36999128855251,132.32090985885162
2026-07-02 07:00:00,85.2125,116.87,111.42969930200074,120.15201267822471,79.6326738335538,145.0055400560019
2026-07-02 08:00:00,52.5,66.4375,66.3351607298016,66.51061264944273,13.703710099839526,127.36873626314922
2026-07-02 09:00:00,7.505,9.0225,18.846819669002105,21.940236091936832,-14.59045414965071,61.954889943587204
2026-07-02 10:00:00,0.195,1.1075,10.545868062057197,10.928644053937296,-17.624901397863084,67.61019278583355
2026-07-02 11:00:00,-0.0075,0.052500000000000005,4.05941182700613,-0.646570506310305,-9.495522410595468,61.492141141147876
2026-07-02 12:00:00,-0.01,0.0,4.295634716672514,-2.3932017346698173,-15.187709253847668,48.1416975277129
2026-07-02 13:00:00,-0.01,0.0,-8.505984166051483,-3.412051460604773,-11.170078487863421,34.59241347220833
2026-07-02 14:00:00,-0.01,0.0,-6.381846561880277,-1.796959998285843,-11.507476565287508,31.9951362439215
2026-07-02 15:00:00,-0.01,0.0,-6.40473197691056,-2.08586212394082,-11.613352750044069,31.406165466471407
2026-07-02 16:00:00,-0.01,0.075,-6.3243259488850905,-0.9295643462803098,-12.696422770512543,32.92713996326093
2026-07-02 17:00:00,0.0,0.665,-1.5795883532421118,-0.06752145303865664,-16.28608341416687,32.53112042757075
2026-07-02 18:00:00,0.585,1.4825000000000002,0.19324135117941466,5.806215313693948,-18.355578623582954,53.01761780372756
2026-07-02 19:00:00,12.905,21.6325,19.832918021916978,22.246372709977887,-0.771561680820156,74.39649838065522
2026-07-02 20:00:00,77.58,75.935,81.82215591104749,75.68788183923664,40.288324761480226,131.64701312897984
2026-07-02 21:00:00,116.205,111.61,113.49149192534378,112.28470385087427,74.64596808298354,148.17714225122137
2026-07-02 22:00:00,118.265,110.9325,119.56465467542402,113.42005594793925,75.88047628716662,156.65548726775478
2026-07-02 23:00:00,107.245,89.4575,95.50425362932779,92.04004845804951,56.53978373609448,139.4406396142704
2026-07-03 00:00:00,89.2125,98.6675,90.49007990634509,101.16241586872924,64.49118268317606,123.19652046697237
2026-07-03 01:00:00,76.83,87.7425,87.1556630535126,90.21046528132219,48.05364904055067,131.3411059343298
2026-07-03 02:00:00,74.375,83.75,72.84005265494693,83.53279970438186,48.670437372026115,127.03418826733142
2026-07-03 03:00:00,73.76249999999999,69.0975,72.27049786801977,68.23509815033344,38.04837232876719,125.20789744931099
2026-07-03 04:00:00,73.3,63.75,72.30110834630369,65.07558884285379,33.9253548810322,118.34196278215934
2026-07-03 05:00:00,74.845,67.535,71.14425999319451,71.46122248815949,32.101305706087174,121.17924957071146
2026-07-03 06:00:00,86.805,74.2175,77.31423387007686,80.52773426254517,38.20946864706643,125.58579335895867
2026-07-03 07:00:00,78.385,85.2125,87.83897371301227,89.32078382606348,41.74531196162833,147.66746724639998
2026-07-03 08:00:00,33.2075,52.5,77.42071382969763,74.83970636652282,10.544369877154622,119.46552831294639
2026-07-03 09:00:00,0.16,7.505,41.54251634072889,23.078198317434865,-6.72517519003171,105.49250691004187
2026-07-03 10:00:00,0.0,0.195,20.328149208317562,12.103340196116456,-9.2349527959963,56.70224721914104
2026-07-03 11:00:00,0.0,-0.0075,12.524633996966744,7.471135549484233,-7.186551180922381,39.82028261931178
2026-07-03 12:00:00,-0.01,-0.01,7.106640675853007,3.3751066868259056,-3.677374272885355,35.798151516666714
2026-07-03 13:00:00,-0.10500000000000001,-0.01,-0.25255502969425153,-0.7550353819904886,-0.8880884007202574,22.63233247393009
2026-07-03 14:00:00,-0.1075,-0.01,0.1644951771595799,0.5807813289030199,-1.3356661975188766,17.523373765010042
2026-07-03 15:00:00,-0.0625,-0.01,1.506119610511398,-0.7160776332007036,-1.1222041568948418,4.884938937853126
2026-07-03 16:00:00,-0.02,-0.01,0.6795029225834491,-0.5283110257227278,-0.6299099995525351,18.84037116365381
2026-07-03 17:00:00,0.0,0.0,-0.10902260243104574,2.312910530982372,-2.7372426794179723,22.714974732555387
2026-07-03 18:00:00,0.515,0.585,8.205118993303701,8.000323804129776,-7.317467676823865,45.45986603949453
2026-07-03 19:00:00,21.552500000000002,12.905,37.20282175366551,27.204488940906987,-5.571123885947461,81.4735515943248
2026-07-03 20:00:00,90.56,77.58,91.57741101979573,87.36496449816218,42.808992120145305,123.62453526182672
2026-07-03 21:00:00,122.0625,116.205,136.80488579207633,125.52439426456155,74.92780250323884,164.04445854699932
2026-07-03 22:00:00,125.075,118.265,148.0853217451402,133.20297827792658,75.09350733207937,175.19689091243245
2026-07-03 23:00:00,115.12,107.245,129.9572450184025,118.75096039427811,62.54674201201129,144.79300710575905
2026-07-04 00:00:00,119.1,89.2125,87.73583567720058,95.31509825151802,44.26523985615748,139.3700990447044
2026-07-04 01:00:00,105.3075,76.83,88.94810703424879,89.14472324793452,27.910724742231388,132.47541106819634
2026-07-04 02:00:00,83.105,74.375,83.16776531118703,85.55761009736233,26.227805750503677,121.33019622163715
2026-07-04 03:00:00,75.15,73.76249999999999,99.84843241254814,95.14000710887402,17.00174636598291,114.09921985546661
2026-07-04 04:00:00,74.505,73.3,98.71821837467945,95.49130831288068,11.282493838392625,108.92858166787487
2026-07-04 05:00:00,73.9275,74.845,98.17739114465175,93.35562350477565,14.796920944097891,114.66670108224334
2026-07-04 06:00:00,78.7875,86.805,92.96739852339851,98.03142844587074,36.2106830607548,123.16430236732674
2026-07-04 07:00:00,66.4,78.385,76.76132097534018,81.4603114486674,32.63348595697943,122.91228196293197
2026-07-04 08:00:00,20.0,33.2075,44.58003316333456,43.55811997527627,-7.881766445640203,74.61519781085644
2026-07-04 09:00:00,0.27,0.16,-2.9559405114702906,12.125518538000481,-14.253055980119747,31.051054528955024
2026-07-04 10:00:00,-0.027500000000000004,0.0,-5.184237871313537,-2.4904642596531303,-4.472160294324113,2.93746505970591
2026-07-04 11:00:00,-0.4575,0.0,-5.727922922543595,-2.7370338042934126,-2.8731654027965687,0.7147823599846295
2026-07-04 12:00:00,-0.7925,-0.01,-6.260215277792953,-2.7768921892665603,-4.366227743201891,0.6882359499633205
2026-07-04 13:00:00,-0.5475,-0.10500000000000001,-6.656419324126009,-2.4766981427371944,-4.161367259404194,0.5360494390212588
2026-07-04 14:00:00,-0.5,-0.1075,-6.658919324126009,-2.4761224261977057,-4.168207691166037,0.5393366813703813
2026-07-04 15:00:00,-0.505,-0.0625,-6.026651859983887,-2.2668705993128855,-3.364648576703365,0.09923771059801165
2026-07-04 16:00:00,-0.25,-0.02,-5.809638335173116,-2.2612233163736684,-2.6624050381627,0.23530572474629022
2026-07-04 17:00:00,-0.0475,0.0,-5.465220152335357,-1.9201444340501395,-2.0811717691258016,0.30235497797342237
2026-07-04 18:00:00,2.8725,0.515,-4.8079983697765165,0.7720007024463016,-2.2130724276217375,3.066267335037846
2026-07-04 19:00:00,32.485,21.552500000000002,17.20418289739779,20.543224370445916,9.142184374862236,49.98654972115713
2026-07-04 20:00:00,89.725,90.56,80.77581351999333,90.86856715029175,46.48808201118884,125.9630809145709
2026-07-04 21:00:00,116.53999999999999,122.0625,118.85384711800188,123.05903390407167,73.72134221929792,157.51666251880192
2026-07-04 22:00:00,125.8925,125.075,127.95563038715443,128.9178389111852,79.0503866791026,159.72815589213195
2026-07-04 23:00:00,111.53999999999999,115.12,124.44477787859634,119.17778852064863,73.66276399723725,153.04691113624273
2026-07-05 00:00:00,112.3875,119.1,110.22184198102359,115.31155875555248,67.83062478482515,151.77473714082055
2026-07-05 01:00:00,100.965,105.3075,109.12183621309322,113.23712815129082,72.29457446718843,133.00863218386658
2026-07-05 02:00:00,103.0475,83.105,90.6387567110313,90.880896708603,42.77484192712803,114.37327299153748
2026-07-05 03:00:00,104.495,75.15,80.56227153337964,82.49128194032298,31.031839976527166,119.32814306133992
2026-07-05 04:00:00,103.0675,74.505,81.71686588324218,82.0218712987013,29.883233603096713,120.63881440771085
2026-07-05 05:00:00,106.865,73.9275,78.64546150966699,82.8083797350093,28.3724189294972,114.85255415114683
2026-07-05 06:00:00,105.875,78.7875,68.05406339110293,82.29123295871413,39.31564083225022,116.8445839524022
2026-07-05 07:00:00,81.05,66.4,55.80846271641876,65.94756757720843,3.409052838932901,110.70940737443425
2026-07-05 08:00:00,28.03,20.0,16.398661754972714,25.09790453681235,-5.984414748419354,66.95618351315926
2026-07-05 09:00:00,0.1725,0.27,-6.588784657628468,4.831141920512113,-8.304142667616022,14.456227002880516
2026-07-05 10:00:00,-0.0475,-0.027500000000000004,-4.070157799512759,-2.796754711219572,-3.568163251909599,1.4654552640654581
2026-07-05 11:00:00,-0.10250000000000001,-0.4575,-4.1888360606710116,-1.4125694225659342,-1.8461243625344812,-0.6110708414804414
2026-07-05 12:00:00,-0.10250000000000001,-0.7925,-5.415163860694815,-1.6106237613550944,-2.1735439202075635,-1.1535724598580614
2026-07-05 13:00:00,-0.135,-0.5475,-5.338276658853559,-1.6422167064107671,-2.5494142362804975,-0.6302702853718
2026-07-05 14:00:00,-0.01,-0.5,-5.2907766588535585,-1.5815551914188553,-2.6080335891289756,-0.5928758139246046
2026-07-05 15:00:00,-0.0075,-0.505,-5.5928337182559895,-1.522485946145587,-1.5814014508818308,-0.6047474679739708
2026-07-05 16:00:00,0.0,-0.25,-5.204868639233801,-0.4990633923525804,-1.0426060682856793,-0.2923086452687328
2026-07-05 17:00:00,0.5700000000000001,-0.0475,-4.384898053498694,-0.4277942038264994,-0.8590881505740436,0.9617833039852071
2026-07-05 18:00:00,16.4525,2.8725,0.4875372554727351,0.9998773000019399,0.2572715411420927,32.813575400395024
2026-07-05 19:00:00,78.86,32.485,29.697595428958767,31.858379151206364,-16.015778897656894,61.900917532082914
2026-07-05 20:00:00,122.655,89.725,80.8198371237043,89.80213076400058,41.68383705746625,125.42664643749484
2026-07-05 21:00:00,151.615,116.53999999999999,113.00118447764144,108.21106202286713,76.69239200862077,166.74608805859074
2026-07-05 22:00:00,160.3175,125.8925,122.55611381388887,123.8090781542137,77.15636955784416,157.1280990587625
2026-07-05 23:00:00,155.365,111.53999999999999,102.78918293620796,108.93576412785451,69.1081191748574,131.7280861368436
2026-07-06 00:00:00,131.54250000000002,112.3875,107.47126609666807,112.29051836389282,86.77087121087135,154.4734079396118
2026-07-06 01:00:00,126.91499999999999,100.965,96.33526914223481,104.90077729631358,76.32389478281512,119.82041306596807
2026-07-06 02:00:00,127.3,103.0475,105.94394699126097,110.14684462212826,79.70694794728135,125.48031425539826
2026-07-06 03:00:00,129.26749999999998,104.495,108.02577030636736,106.71263909460663,82.84732003232905,128.38761274832515
2026-07-06 04:00:00,130.66500000000002,103.0675,112.6406060589131,104.16805236490863,81.43215258811613,134.39993077546524
2026-07-06 05:00:00,133.2975,106.865,113.4072855013583,108.81282905452895,84.52546767952444,138.45431355009504
2026-07-06 06:00:00,138.35750000000002,105.875,111.55393975280357,112.84995180451799,84.63113367619472,129.43222909064124
2026-07-06 07:00:00,137.35750000000002,81.05,99.14726312241419,94.94772107451813,51.8001939988046,140.15975151631787
2026-07-06 08:00:00,112.8775,28.03,65.43701393986743,48.31995975372186,5.230335563877844,117.04873021667679
2026-07-06 09:00:00,84.55,0.1725,33.55835918023715,24.363213459269986,-16.28907915423808,74.24522452199669
2026-07-06 10:00:00,54.4375,-0.0475,12.437089406746054,14.130173939761608,-9.554604096450163,41.57672993077905
2026-07-06 11:00:00,34.3,-0.10250000000000001,11.763732301165355,9.66175975776585,-6.614905368207033,29.65491228120776
2026-07-06 12:00:00,17.6825,-0.10250000000000001,9.471577471805759,8.991923354950966,-5.843805625141027,36.70317278322044
2026-07-06 13:00:00,31.79,-0.135,19.722557930596068,12.892842123980389,-8.12831708339421,57.77792360293188
2026-07-06 14:00:00,38.962500000000006,-0.01,22.555992508952567,13.061062393276067,-8.262360236408142,68.15327886430934
2026-07-06 15:00:00,41.02,-0.0075,21.975014530163698,12.84107295340067,-8.519351438252084,68.31662463365461
2026-07-06 16:00:00,56.445,0.0,23.753813081472437,13.376620630247848,-9.342606202935022,70.37649889201806
2026-07-06 17:00:00,70.2625,0.5700000000000001,20.64115742139967,16.044091163894993,-10.215741960477619,75.26784243973185
2026-07-06 18:00:00,89.89,16.4525,33.55557698303592,32.43216785898499,-13.633458105572608,86.08017887209986
2026-07-06 19:00:00,122.1675,78.86,87.28001627649435,87.60586092636318,33.20352565927408,103.07660246268497
2026-07-06 20:00:00,141.235,122.655,130.3517224260221,124.44117448849143,91.51188699658437,172.74628254991495
2026-07-06 21:00:00,159.7625,151.615,149.64199435561656,150.82026050210578,104.99871768596451,187.9791831408981
2026-07-06 22:00:00,155.39249999999998,160.3175,154.60371487510486,157.89611656278288,118.40574659503541,179.97945889699855
2026-07-06 23:00:00,147.8,155.365,137.9277601773662,150.49472071737304,106.82283448735139,180.43257450890616
2026-07-07 00:00:00,142.0525,131.54250000000002,122.362316477456,127.52156932786352,96.9459391001877,148.53190458864742
2026-07-07 01:00:00,139.4975,126.91499999999999,125.83121436170354,122.55996353463588,98.7725245399182,155.89064257812936
2026-07-07 02:00:00,137.8225,127.3,124.21298430979834,127.85812406828066,94.48591380223002,149.65263233401123
2026-07-07 03:00:00,135.765,129.26749999999998,126.72781920209246,128.32355939539826,100.09776412902428,151.68016163390445
2026-07-07 04:00:00,135.42,130.66500000000002,126.8048913787408,129.85513546926498,91.66607420416028,151.94705579291926
2026-07-07 05:00:00,137.16,133.2975,126.44680672589527,133.00414404985312,86.93602397875233,151.53201926209027
2026-07-07 06:00:00,140.46,138.35750000000002,126.39701009234973,130.904702690432,91.43924204084875,151.79520382885784
2026-07-07 07:00:00,142.07750000000001,137.35750000000002,124.44339026837173,132.7635170912132,71.4470248395956,167.64633834051347
2026-07-07 08:00:00,128.535,112.8775,98.76079804553044,101.17033485254932,67.64862931149683,133.43357142419262
2026-07-07 09:00:00,92.9325,84.55,70.47020647781484,77.71844601009192,17.511828416789122,101.88830577892125
2026-07-07 10:00:00,74.3375,54.4375,30.429633643346275,53.22491430670918,-17.639800995162133,91.90251640954318
2026-07-07 11:00:00,70.75,34.3,53.656363151170645,43.66508359550848,-29.139320417869598,76.57694173374705
2026-07-07 12:00:00,70.0,17.6825,32.64749098258473,32.60835924363642,-10.248549451349817,72.67806433606313
2026-07-07 13:00:00,71.75,31.79,45.756235401675234,44.52009514093993,-24.618706302256854,64.98969355058115
2026-07-07 14:00:00,73.7875,38.962500000000006,25.031368244641158,49.56375064877748,-30.60804523404243,75.58154585640912
2026-07-07 15:00:00,74.6625,41.02,36.92167992556395,52.06637818118255,-28.452177044306104,78.21935242769857
2026-07-07 16:00:00,77.17,56.445,35.756227039878056,53.66570766391198,-11.89361472933502,88.17541453812123
2026-07-07 17:00:00,80.0575,70.2625,53.54279459007225,67.79538477627888,14.800868248578404,85.98717192069132
2026-07-07 18:00:00,93.41749999999999,89.89,72.04035694560157,71.4478703050199,42.860121854856054,116.97567145605643
2026-07-07 19:00:00,114.98,122.1675,108.28060480061603,113.96459839759729,79.08928073849667,143.66792497634003
2026-07-07 20:00:00,134.585,141.235,134.1590383058636,134.21071742809167,105.11837655485735,154.58305802834317
2026-07-07 21:00:00,154.93,159.7625,143.59819586541226,149.6163687072192,124.06665112513787,183.50997260059202
2026-07-07 22:00:00,164.5575,155.39249999999998,141.0029166414681,147.99112691989288,116.572331048484,170.61395438830635
2026-07-07 23:00:00,148.175,147.8,130.97676235784297,139.26553696465157,111.8398508513531,162.14661976758083
2026-07-08 00:00:00,143.995,142.0525,132.3177301885994,138.10523378649154,109.26035485156456,157.27897472771713
2026-07-08 01:00:00,142.1975,139.4975,135.39239126388262,138.3912766289272,104.24405165113706,161.83887378978454
2026-07-08 02:00:00,140.365,137.8225,136.24361343596135,136.58416855622892,107.88140933863477,155.88165243813756
2026-07-08 03:00:00,140.5875,135.765,128.24993781264476,133.6554061305676,99.31473457863078,153.2538260568685
2026-07-08 04:00:00,141.3,135.42,127.9968746335481,134.6216609973189,97.2849985797652,154.48300481293091
2026-07-08 05:00:00,144.075,137.16,129.56433221861883,135.49942541075578,101.41262614652668,152.36371645726103
2026-07-08 06:00:00,145.8675,140.46,128.64908499411266,138.41212693012653,107.27127794950815,146.96069829739895
2026-07-08 07:00:00,147.625,142.07750000000001,129.89502763212812,137.80494601478662,98.47946727436072,152.3236736355127
2026-07-08 08:00:00,127.7575,128.535,119.07283671143952,119.25560012772411,73.72616163933583,150.1063261227801
2026-07-08 09:00:00,87.5575,92.9325,83.70450535668138,72.19234482408152,32.01407532278712,145.60189836172873
2026-07-08 10:00:00,59.087500000000006,74.3375,70.3650134649605,69.57361785714481,3.8077772343126526,115.96538672068182
2026-07-08 11:00:00,51.4675,70.75,58.13773292512873,69.22548624728742,-0.3478225538030415,102.15431496489994
2026-07-08 12:00:00,41.0075,70.0,60.45521041241366,68.86573265545158,-12.100188037027735,103.26030203255806
2026-07-08 13:00:00,40.0,71.75,63.85708616575604,71.26166074930532,12.656741716245321,103.2590131725199
2026-07-08 14:00:00,51.865,73.7875,66.43133047999694,74.77148938566556,13.997057955169417,103.10237757064999
2026-07-08 15:00:00,43.345,74.6625,68.18505607676819,75.13067859657191,17.200783840029757,107.12019537533675
2026-07-08 16:00:00,55.3325,77.17,69.47844448956079,70.91327368685472,16.498255306005127,114.73739778616829
2026-07-08 17:00:00,81.31,80.0575,71.62265258252859,62.77671319407198,29.681203939980882,127.86686133273764
2026-07-08 18:00:00,101.215,93.41749999999999,86.35277249410844,73.20489304064787,44.528930347084355,142.2965191091298
2026-07-08 19:00:00,125.7625,114.98,109.32094512138241,108.83933355073225,65.13730370313574,142.00975670830383
2026-07-08 20:00:00,145.3725,134.585,128.12919478756294,131.8023712547341,90.43804382676313,153.2373782810907
2026-07-08 21:00:00,163.8,154.93,139.93790819449507,146.15420524157648,104.81795763905087,166.48896631205162
2026-07-08 22:00:00,165.70749999999998,164.5575,145.9603780980645,149.83217301202282,112.14548468285918,178.5374410308887
2026-07-08 23:00:00,149.76749999999998,148.175,134.2489851798261,136.6334387955988,110.82850453157226,160.92398832339026
2026-07-09 00:00:00,153.0025,143.995,140.2570168845755,143.32081374979163,113.59811242308852,144.5389906566951
2026-07-09 01:00:00,151.705,142.1975,139.76697361208366,142.77916441548385,113.02295623984192,146.61608073982302
2026-07-09 02:00:00,151.73250000000002,140.365,137.86334658567668,141.0207331673147,109.99270630933478,145.7825366518359
2026-07-09 03:00:00,152.1225,140.5875,137.31566825666746,140.51999132043514,106.86758044822605,142.40016646380724
2026-07-09 04:00:00,150.955,141.3,138.61374212973763,136.44737473260685,110.74087732312302,146.6376755838605
2026-07-09 05:00:00,151.35250000000002,144.075,143.96400229437498,140.8832541047796,113.43557067691826,143.43380827896542
2026-07-09 06:00:00,146.96249999999998,145.8675,145.8870648822026,141.458657809953,112.31466407647443,146.262648160058
2026-07-09 07:00:00,152.0025,147.625,142.17724518149987,140.56464991447004,109.41532106155738,150.5903917847016
2026-07-09 08:00:00,139.465,127.7575,120.97915558200889,123.6112646196471,79.20329427115892,138.72025466234328
2026-07-09 09:00:00,103.38499999999999,87.5575,92.49449481778964,85.72792651116488,25.57504754432953,105.45135443851805
2026-07-09 10:00:00,71.6425,59.087500000000006,46.809254735550354,42.37718350350633,-11.270954804316581,95.27114076174767
2026-07-09 11:00:00,54.06,51.4675,22.743080134234283,30.299448268690693,-19.13962984276691,98.45947437657597
2026-07-09 12:00:00,36.9375,41.0075,10.613751531518115,14.0988991980696,-16.08572576762075,100.73044391934293
2026-07-09 13:00:00,23.76,40.0,10.6325623456684,19.540526845436066,-26.80065912901723,99.6186920425414
2026-07-09 14:00:00,31.3275,51.865,23.152795158325503,30.386402079760977,-18.30210721280868,99.88339083308702
2026-07-09 15:00:00,30.925,43.345,15.155295157905304,24.293216647383414,-19.61614952146338,101.2737859907313
2026-07-09 16:00:00,55.317499999999995,55.3325,35.85185131423034,35.02168334975883,-5.198859368193922,101.22888433719406
2026-07-09 17:00:00,78.3775,81.31,78.3721532605221,76.81755062536266,26.8574164370959,103.41235496964224
2026-07-09 18:00:00,89.395,101.215,96.14862146033919,92.45983660208006,35.588235206680494,127.92319729744307
2026-07-09 19:00:00,123.9125,125.7625,124.39902705368665,121.18296995929532,89.58160595703566,138.17651646941428
2026-07-09 20:00:00,154.70999999999998,145.3725,141.23789147294391,138.14677977761437,106.16242647634425,159.0119251696226
2026-07-09 21:00:00,173.35,163.8,153.56205487753888,154.9801279384499,122.4807870761167,168.44768264016506
2026-07-09 22:00:00,173.55,165.70749999999998,155.4428472376174,157.81073701981956,121.21016262781838,170.5777092440083
2026-07-09 23:00:00,156.5325,149.76749999999998,142.6310620810709,143.50402570156146,106.77453938454559,156.08465239319355
2026-07-10 00:00:00,153.66,153.0025,141.32506504650772,143.95335396361884,118.19160999222242,145.36723845300173
2026-07-10 01:00:00,146.77499999999998,151.705,140.3412285447041,141.38713731311483,116.08058910830644,146.12305582032025
2026-07-10 02:00:00,150.74,151.73250000000002,139.0932430391149,139.97694957450423,116.85697933937152,147.756559500482
2026-07-10 03:00:00,155.09,152.1225,140.06426701349946,139.0295739584502,116.40376917030727,149.0846964545771
2026-07-10 04:00:00,153.6825,150.955,138.7637151528156,137.9313649735479,115.23729361412947,150.08950760327033
2026-07-10 05:00:00,150.89499999999998,151.35250000000002,140.986359215606,141.84963304869427,112.79699467926834,148.57874486574136
2026-07-10 06:00:00,147.32,146.96249999999998,137.4461608803599,142.39249217073072,108.84314993447849,149.25316695301333
2026-07-10 07:00:00,152.62,152.0025,140.82421921661117,143.75208384488354,103.95228818406642,149.9787562178934
2026-07-10 08:00:00,136.7125,139.465,121.28328685740296,126.53271993686741,91.62401256449002,147.08986328476618
2026-07-10 09:00:00,120.3175,103.38499999999999,70.54159456830831,86.05613196927445,17.68851176091367,121.72862390504346
2026-07-10 10:00:00,93.4225,71.6425,32.496293679305175,53.62489857259172,4.941936116453142,90.17062283129928
2026-07-10 11:00:00,78.19749999999999,54.06,24.34587201182214,28.743470965600626,-1.0485362603616437,78.22928440836888
2026-07-10 12:00:00,57.8,36.9375,18.57847762953218,18.99104261296807,-5.9445366208907835,59.403608660463874
2026-07-10 13:00:00,37.36,23.76,13.69246619824328,11.223519616396754,-8.669320602445218,42.350045346554595
2026-07-10 14:00:00,40.95,31.3275,21.467520524273887,15.378882996857325,-4.19015658184885,57.99697990347212
2026-07-10 15:00:00,59.1025,30.925,20.51783745577151,13.281583381030071,-4.8456627367489205,59.58633346017041
2026-07-10 16:00:00,68.55250000000001,55.317499999999995,25.98786327890873,30.88264827017829,1.3847143280300074,78.99765439284042
2026-07-10 17:00:00,78.8175,78.3775,56.88139283122618,67.75099984377862,3.5470637070330326,90.8801101167813
2026-07-10 18:00:00,90.465,89.395,72.60522533877756,81.85478663516606,16.58619347719865,107.27512174124669
2026-07-10 19:00:00,111.17,123.9125,107.60435717260977,116.10796452296294,70.65688631853132,130.5033949524768
2026-07-10 20:00:00,150.0925,154.70999999999998,137.83037292934748,145.3533188317945,107.7251638215289,163.73831683753505
2026-07-10 21:00:00,166.66,173.35,156.85917539798407,162.00204484784547,127.26115370820327,175.02585307498214
2026-07-10 22:00:00,168.0,173.55,156.929020056723,162.43458033353474,128.92758655844912,172.5009111885124
2026-07-10 23:00:00,160.0525,156.5325,139.3799012204866,146.11282423321748,111.44154864165517,161.32069115728387
2026-07-11 00:00:00,155.025,153.66,132.3408871093155,138.03625869945282,103.85652874349626,158.34371983405097
2026-07-11 01:00:00,148.3075,146.77499999999998,132.47669793588085,132.92801243215322,82.53106747447053,154.23963816380024
2026-07-11 02:00:00,141.785,150.74,132.66679793465434,132.42007796884585,108.4634979950174,156.42738470593764
2026-07-11 03:00:00,142.885,155.09,131.4019044929762,130.12976290062514,111.88918234245754,156.82226605568255
2026-07-11 04:00:00,149.99,153.6825,133.5270321321739,129.16714118732548,108.0440680133862,161.56492133102915
2026-07-11 05:00:00,146.7525,150.89499999999998,130.44499553973608,126.83339182191634,106.55080059627825,158.02380744981045
2026-07-11 06:00:00,154.3375,147.32,127.9949679562171,125.37148612736357,110.87828689288108,150.19782301274495
2026-07-11 07:00:00,149.51999999999998,152.62,113.63677016977917,119.35264373820908,88.59522728429846,162.58132092066552
2026-07-11 08:00:00,114.115,136.7125,100.53695085426646,104.58938447675524,68.912287974327,145.59904746801342
2026-07-11 09:00:00,68.4475,120.3175,66.57400412698094,80.82987605540478,44.76149830661098,132.6023538358182
2026-07-11 10:00:00,16.0875,93.4225,30.889488524865087,35.62293670519343,-16.570973920645763,121.08225122407384
2026-07-11 11:00:00,0.3275,78.19749999999999,11.94438963207439,17.06122175652351,0.6289351805302807,105.78210549994262
2026-07-11 12:00:00,0.0,57.8,4.801139871211319,9.412415370713573,6.6156063120742274,81.04402059786207
2026-07-11 13:00:00,-0.01,37.36,-3.9487841888751376,2.01896190242541,-9.544891769329428,46.88627825570839
2026-07-11 14:00:00,-0.01,40.95,0.8187789070979008,6.973063284225994,-8.642661621947838,51.56897616136014
2026-07-11 15:00:00,0.0,59.1025,11.835421078192518,12.746587086582686,7.391190572991732,81.75530847229523
2026-07-11 16:00:00,0.935,68.55250000000001,-2.2549041605228126,8.408497775356533,2.1867350792692974,95.2563282140656
2026-07-11 17:00:00,5.5675,78.8175,15.916305310375897,25.466300011401934,0.6726246696523113,102.18833283641027
2026-07-11 18:00:00,39.715,90.465,40.05967314483832,42.70273570359867,8.17803612660672,115.42549038075884
2026-07-11 19:00:00,80.22749999999999,111.17,69.2479030873799,75.0445785103226,54.09221078267906,133.04473446327947
2026-07-11 20:00:00,125.7325,150.0925,130.18241358118163,127.78886016393727,105.08900194129512,159.8573482092996
2026-07-11 21:00:00,155.3425,166.66,140.32676249572813,143.49673810756477,113.50425259975596,173.8600382679621
2026-07-11 22:00:00,154.8875,168.0,143.9078780642965,148.31179771626572,108.08858296114295,172.99739423241863
2026-07-11 23:00:00,145.5975,160.0525,137.86153469136477,142.81432965417608,104.43887135170031,165.53489151709053
2026-07-12 00:00:00,137.4425,155.025,126.82568872229658,132.3780474608734,95.58608888514354,165.09328311594442
2026-07-12 01:00:00,131.885,148.3075,126.69161258508456,131.655360943844,95.11124257716286,153.5150689720013
2026-07-12 02:00:00,125.57,141.785,111.51895163006186,125.73772356339249,79.42611359756242,152.6510623182872
2026-07-12 03:00:00,136.11,142.885,115.30787648445047,126.17774619116274,80.8764768169291,154.8689349498511
2026-07-12 04:00:00,126.26,149.99,124.08003527825852,133.5253440486296,76.56120549980687,155.315030554477
2026-07-12 05:00:00,124.955,146.7525,121.24594836922839,131.04035410695235,81.45799031768027,152.07199705379367
2026-07-12 06:00:00,126.9,154.3375,117.87997283075245,128.74798133506343,92.71917919047016,161.7168863111936
2026-07-12 07:00:00,115.7075,149.51999999999998,125.54164890823631,126.9452714658332,99.67483214164253,153.0701581624853
2026-07-12 08:00:00,69.7075,114.115,79.08028611755975,84.22778373914416,41.79095863402613,136.08311267480343
2026-07-12 09:00:00,8.305,68.4475,17.114277123577544,26.127079101630287,0.24383436456460217,96.10018137160532
2026-07-12 10:00:00,-0.0425,16.0875,-0.9208856841675761,4.996647141205823,2.388850933916284,14.245873147712562
2026-07-12 11:00:00,-0.56,0.3275,-3.3988006023896453,-2.7959186611612936,-4.594148756034194,-2.504474271482081
2026-07-12 12:00:00,-0.9075,0.0,-1.6395654808040268,-2.0721626095452517,-2.862534560607829,0.6063452655115684
2026-07-12 13:00:00,-1.1125,-0.01,-1.7534711075445883,-1.6656032308225144,-3.3581549773843244,-1.5116371435018403
2026-07-12 14:00:00,-1.0775000000000001,-0.01,-4.160411691526998,-1.449773695208935,-3.1339735480940996,-1.3178051683574228
2026-07-12 15:00:00,-1.0,0.0,-3.973828105082496,-2.6936337130454238,-3.920658060674696,0.7944224250727139
2026-07-12 16:00:00,-0.4275,0.935,0.04258278645075553,-1.9179393132631404,-4.965557355837646,2.589333082999965
2026-07-12 17:00:00,0.0,5.5675,1.6600812914797065,1.2018533929420583,-2.1712946829873676,5.9628776025063726
2026-07-12 18:00:00,7.602500000000001,39.715,22.41059377302187,24.70731584516158,5.819568944513549,51.45750010443372
2026-07-12 19:00:00,63.295,80.22749999999999,74.76402522604683,76.21886625174666,36.1320132171834,104.0510229144854
2026-07-12 20:00:00,118.13,125.7325,121.08807110313509,123.8328652936089,80.7866186017618,151.22146041963293
2026-07-12 21:00:00,144.4875,155.3425,157.4689374248797,149.52824510479363,116.79888130297941,185.4913301698366
2026-07-12 22:00:00,150.96249999999998,154.8875,156.62419270467802,149.8599645721338,116.96692771884213,187.66541360402024
2026-07-12 23:00:00,145.905,145.5975,145.30899585325295,148.47246512945412,107.23602302149081,167.14490464521003
2026-07-13 00:00:00,142.36,137.4425,138.76577833860944,143.090104276579,123.27574540645648,178.71333830928998
2026-07-13 01:00:00,140.0,131.885,139.5582507580271,136.55823466374434,119.08088684760307,174.25959210665448
2026-07-13 02:00:00,149.0575,125.57,127.45313501904785,134.85652900913837,110.59171520649544,155.95497819630208
2026-07-13 03:00:00,149.75,136.11,145.8447850612049,144.83795878166475,121.86513550726772,174.89633371636882
2026-07-13 04:00:00,148.4875,126.26,126.9581613418388,138.86420998034174,95.32927019519005,163.33436942100815
2026-07-13 05:00:00,148.4925,124.955,120.86480086662101,133.6618845572267,96.28042660477423,159.24952712767828
2026-07-13 06:00:00,151.4925,126.9,141.5232695409028,145.18519791934773,99.75476940756386,161.0085589704287
2026-07-13 07:00:00,161.655,115.7075,138.57907868871894,137.5240535824572,88.79828514978199,182.55758746603584
2026-07-13 08:00:00,150.405,69.7075,121.26839958812779,117.32974545549095,45.87202970174455,154.94072615260887
2026-07-13 09:00:00,118.58,8.305,51.665518115209366,42.19380743591252,0.5972958315362789,103.08289010271605
2026-07-13 10:00:00,93.6775,-0.0425,42.36807502693778,57.306758388581166,-21.979439281798015,92.40595101584483
2026-07-13 11:00:00,74.69,-0.56,25.72547896866794,46.195662917115676,-17.464024711440373,75.64894817697913
2026-07-13 12:00:00,61.3725,-0.9075,41.95184886168113,48.67411764929514,-20.401169695730133,78.2612670117864
2026-07-13 13:00:00,50.9775,-1.1125,36.85131707376471,47.28323633173654,-19.603995403374448,73.53380799532418
2026-07-13 14:00:00,62.95,-1.0775000000000001,33.00734649491473,49.11626434742806,-20.526669297342977,68.36365859980944
2026-07-13 15:00:00,69.5675,-1.0,23.354077427013078,49.614903480208525,-21.264157985560274,65.0669822540928
2026-07-13 16:00:00,75.175,-0.4275,23.823912426344094,46.2756776989411,-18.864598773634746,68.3118040887526
2026-07-13 17:00:00,87.2575,0.0,23.548358235897137,44.509368132500086,-17.25196173855229,75.08972089787574
2026-07-13 18:00:00,97.34,7.602500000000001,41.07933707107773,32.24524392648776,0.20819465973476525,94.03489528458124
2026-07-13 19:00:00,129.575,63.295,102.32539476966832,101.59759235835062,46.859711767144354,153.92015582508367
2026-07-13 20:00:00,153.60500000000002,118.13,139.64142471166636,140.92063218730573,94.48848976397764,175.65137864488827
2026-07-13 21:00:00,195.565,144.4875,174.70780684630995,163.11881607441546,128.38674107305434,213.06662422720703
2026-07-13 22:00:00,205.415,150.96249999999998,177.8184272348236,169.00617015908196,131.1088983093216,207.2540973164808
2026-07-13 23:00:00,181.5225,145.905,165.7074770779893,165.88617727502339,125.73866843925266,189.77912738905064
2026-07-14 00:00:00,159.3275,142.36,156.80272508816267,153.3744711288805,121.1409349694732,175.78907414930416
2026-07-14 01:00:00,157.31,140.0,162.07998010549525,152.68166394699801,120.87325712900353,169.3372617378894
2026-07-14 02:00:00,156.2175,149.0575,148.0137954333185,148.44797805468002,125.56163306681643,173.79894442845318
2026-07-14 03:00:00,155.0725,149.75,152.0179247823356,153.17266534511595,129.8566974022917,173.2913834064592
2026-07-14 04:00:00,153.65,148.4875,143.90202772259872,146.86168739534415,124.59039540390309,174.6018462521507
2026-07-14 05:00:00,155.1,148.4925,152.7104047423561,148.2811667182063,125.28316914767008,174.4448046163344
2026-07-14 06:00:00,158.615,151.4925,146.62011222075753,151.44843826648287,129.01365595609187,174.88686278182715
2026-07-14 07:00:00,159.3275,161.655,156.06658590304815,158.2795458137932,126.01888966340042,184.62494321924396
2026-07-14 08:00:00,138.24,150.405,144.4502455907992,145.35554351913282,107.43898501540656,164.37593155416695
2026-07-14 09:00:00,116.8675,118.58,108.75373296619819,110.37821602811893,79.51275565745381,142.9804688920398
2026-07-14 10:00:00,97.8775,93.6775,79.86250709251749,87.00412281978637,31.007052400977365,108.66775919309235
2026-07-14 11:00:00,83.9625,74.69,57.4378717674263,72.81564358298135,-13.066112879769804,91.08528759895398
2026-07-14 12:00:00,76.715,61.3725,38.944113154988955,65.16937456360596,-14.390307672714286,95.83375906997298
2026-07-14 13:00:00,66.2525,50.9775,64.75390008264671,69.73958850342522,10.327233811585849,91.35989902575358
2026-07-14 14:00:00,66.1,62.95,41.13580014787081,65.2925255679921,-10.258340049756086,94.57738348096103
2026-07-14 15:00:00,61.915,69.5675,47.92827092732407,64.99370488224928,-5.030318069324522,97.02561077520986
2026-07-14 16:00:00,71.3,75.175,51.635579948695366,65.43237601213598,1.7193657632503445,99.1862506463946
2026-07-14 17:00:00,86.5825,87.2575,66.74533583223857,81.76417446219993,17.34857920557164,100.34515858351241
2026-07-14 18:00:00,83.36749999999999,97.34,89.29213179977523,95.84714163231222,36.88857872410206,118.18500442898443
2026-07-14 19:00:00,113.95,129.575,111.57336673876185,123.45559376825584,89.66433410200685,155.89385168452336
2026-07-14 20:00:00,151.5925,153.60500000000002,152.83515330310385,148.59542198517045,113.73853137518056,184.50109393030039
2026-07-14 21:00:00,172.3025,195.565,170.21525010291634,174.59021009864625,150.68869225777286,214.27268133016037
2026-07-14 22:00:00,172.45,205.415,183.2012607334765,182.1076356849213,168.15323014698754,224.55875518077264
2026-07-14 23:00:00,163.7725,181.5225,163.34763296754312,172.3221280455166,142.50997363824993,191.77146924773226
2026-07-15 00:00:00,163.245,159.3275,159.7726697766487,163.5280925413064,140.58481499615147,179.8970356059396
2026-07-15 01:00:00,158.905,157.31,158.5768727207425,161.278712251868,140.31083031921295,176.21671752533015
2026-07-15 02:00:00,155.96,156.2175,158.7383353437518,160.73608700654995,137.91429592308648,172.33418001488388
2026-07-15 03:00:00,164.4675,155.0725,156.08874598205276,156.0036868599433,137.77112165688726,173.9409087370416
2026-07-15 04:00:00,164.315,153.65,156.79261929914966,158.0374968609458,132.47973324277663,171.77636886723965
2026-07-15 05:00:00,165.145,155.1,157.57701968543654,159.8404192958146,133.7590179227356,172.1255107312967
2026-07-15 06:00:00,166.76,158.615,160.70654201521668,162.44401418211183,137.76312050088745,176.11406960320716
2026-07-15 07:00:00,166.70499999999998,159.3275,161.0763952921409,162.02400748499522,134.37083970768882,175.2226044630653
2026-07-15 08:00:00,156.1725,138.24,135.6249559081355,134.39195734156576,103.88609301879029,163.51421176519426
2026-07-15 09:00:00,134.7875,116.8675,105.12831256604593,114.363023379241,58.432472706583894,133.72819513848683
2026-07-15 10:00:00,108.07,97.8775,77.2225512959179,83.16691151085216,34.981114152293834,126.66317415523942
2026-07-15 11:00:00,97.23,83.9625,39.40505309253406,64.08541373898413,0.652284281120302,120.26211312218251
2026-07-15 12:00:00,94.80499999999999,76.715,57.61639347834466,60.97090688460241,10.600473318166685,126.38788065270356
2026-07-15 13:00:00,90.9825,66.2525,54.184493538329285,73.73638783318613,1.6027940558256546,103.70337498009117
2026-07-15 14:00:00,91.37,66.1,62.529252540702615,73.6292343616922,-3.1512364851911627,102.56089691759695
2026-07-15 15:00:00,93.7825,61.915,41.866607675450226,65.39461121471827,3.43762644005551,85.66661014398076
2026-07-15 16:00:00,94.2825,71.3,53.6080596351079,69.08928785655796,2.558946307869462,99.21531609543374
2026-07-15 17:00:00,97.95,86.5825,44.29193167083522,73.41616542062134,8.79198720289368,110.23867090801642
2026-07-15 18:00:00,103.245,83.36749999999999,36.26679903600959,70.8136637947388,-9.468308454633885,126.90136538473439
2026-07-15 19:00:00,130.805,113.95,96.55330236007526,107.09191257176585,65.22248467814205,151.45419547154543
2026-07-15 20:00:00,163.5025,151.5925,151.8328158425104,152.97170363603578,128.06597729649644,174.25184318113702
2026-07-15 21:00:00,191.9525,172.3025,173.11519137422758,174.24645370068612,139.10627966474533,223.84860238112577
2026-07-15 22:00:00,188.38,172.45,180.00887294765016,174.15323037705448,137.0920781832261,235.9377335250369
2026-07-15 23:00:00,171.70499999999998,163.7725,160.86633653010253,163.532224643986,133.5899802821809,195.42867392129514
2026-07-16 00:00:00,169.60500000000002,163.245,162.66547803670102,164.86670879400629,144.27219707352938,178.36868239174882
2026-07-16 01:00:00,166.4725,158.905,157.27100274841015,160.5864346971193,147.68195872689424,174.65262316457887
2026-07-16 02:00:00,166.435,155.96,156.24318486601328,157.4426821100398,145.1636259542321,169.52478101365645
2026-07-16 03:00:00,165.76,164.4675,162.08682375403552,164.6013533684858,145.78874053874503,175.7574477619631
2026-07-16 04:00:00,165.65,164.315,162.99638537968153,164.60569591159057,143.4286464839777,175.92354570419224
2026-07-16 05:00:00,166.435,165.145,162.84619481733162,166.0840347401818,143.90206012825254,176.36105705184627
2026-07-16 06:00:00,168.25,166.76,164.05699735528435,167.86640477819208,140.74404269023452,177.6836238590434
2026-07-16 07:00:00,170.54500000000002,166.70499999999998,165.59684559129263,166.34359046483132,137.64328476775884,178.31621625624624
2026-07-16 08:00:00,162.05,156.1725,155.69046759656388,153.47248848612998,125.57521093145903,171.55491653074466
2026-07-16 09:00:00,136.39,134.7875,130.47173980215496,130.69181810911567,90.71798382146295,161.46984683983843
2026-07-16 10:00:00,118.10249999999999,108.07,100.93037080524223,98.74721171175956,45.27330819795703,144.37409004213094
2026-07-16 11:00:00,99.715,97.23,84.51615087206496,86.00397836667085,33.77614477151358,130.6611974447823
2026-07-16 12:00:00,98.125,94.80499999999999,78.51753869043361,82.55419284121356,21.86773546355827,129.0522107896017
2026-07-16 13:00:00,94.54249999999999,90.9825,67.9137087610624,73.07789118039169,15.647538215557816,126.77430065255548
2026-07-16 14:00:00,89.3125,91.37,63.80959594800915,75.9218524045207,17.87381147225411,125.99708807052804
2026-07-16 15:00:00,79.245,93.7825,72.98323803431015,73.94683279885035,20.159026464023157,130.50875617489342
2026-07-16 16:00:00,75.79,94.2825,79.74071390164602,79.2919068009218,35.53193221525208,129.03455223832225
2026-07-16 17:00:00,79.81,97.95,88.97513411328603,90.48775622018901,58.4632017593176,130.4272361712013
2026-07-16 18:00:00,83.5025,103.245,98.05635841899425,99.19558520792754,68.2763425813313,136.98107578601216
2026-07-16 19:00:00,102.305,130.805,128.00429056492789,126.77026670590169,97.34270947636736,159.19260146314542
2026-07-16 20:00:00,146.415,163.5025,161.79840882472368,162.22378287584178,138.57703868784,187.47388334959143
2026-07-16 21:00:00,179.6625,191.9525,179.40005793101145,182.14306892569442,149.7924635042559,201.70101209971529
2026-07-16 22:00:00,185.845,188.38,172.19621161610317,178.44184884105957,150.2787778738534,203.03638283118616
2026-07-16 23:00:00,176.4325,171.70499999999998,164.86560391215127,169.0941505021889,153.26487242112313,184.47619527559752
2026-07-17 00:00:00,170.565,169.60500000000002,165.37418572177668,166.636275179857,156.7986794263814,175.8522804285392
2026-07-17 01:00:00,164.9925,166.4725,161.8472786167959,162.66873524783009,151.29829581470253,174.29125705038672
2026-07-17 02:00:00,163.52,166.435,162.80251891966452,162.67395974837177,155.05959324229366,174.37480664176377
2026-07-17 03:00:00,163.22,165.76,164.24834800163296,164.3283741018398,154.77690459555376,173.79614202920396
2026-07-17 04:00:00,162.88,165.65,163.36973967601017,163.91845768327573,150.9901650507199,173.19068005621523
2026-07-17 05:00:00,163.0625,166.435,164.42449707357454,164.61250715310555,152.66190128413038,172.53067588634372
2026-07-17 06:00:00,165.135,168.25,164.24917956430048,166.93226598435845,145.8399673383661,174.03861604725495
2026-07-17 07:00:00,166.6,170.54500000000002,164.7348694551591,167.70677739983856,143.3546291014385,177.10315181102055
2026-07-17 08:00:00,155.8525,162.05,155.93125658606726,160.03773747093044,128.8612067478214,170.137740032246
2026-07-17 09:00:00,127.9575,136.39,122.46253267016576,130.52370455493167,99.55669012873938,150.60912637631787
2026-07-17 10:00:00,110.11,118.10249999999999,108.51146327899383,109.85585163510252,64.48855530027211,143.1037904836616
2026-07-17 11:00:00,104.2525,99.715,87.0647595188505,91.97415081829249,60.74522610194698,117.32254088278981
2026-07-17 12:00:00,99.025,98.125,80.64660442214063,82.65718530743415,37.227626069696484,116.4725726430247
2026-07-17 13:00:00,98.2,94.54249999999999,73.4238238074535,72.03804721267173,31.918584472230464,116.09742097518696
2026-07-17 14:00:00,98.08,89.3125,61.88415695088331,66.83126774729429,26.09807191874272,113.11882064388121
2026-07-17 15:00:00,97.7775,79.245,71.710277083634,70.97056889404165,43.33092152954027,107.92099854983809
2026-07-17 16:00:00,97.8425,75.79,78.44003673352458,72.47836553526886,53.769026608031474,106.52063358008887
2026-07-17 17:00:00,98.0875,79.81,84.72741609779396,80.51293055224,56.03875938702127,107.47045639147105
2026-07-17 18:00:00,107.8275,83.5025,94.4644673603818,83.03732112935445,55.02093090759098,113.8891648704325
2026-07-17 19:00:00,132.985,102.305,95.47366909256652,101.93384941878654,62.38294357553627,132.36835977456354
2026-07-17 20:00:00,160.33,146.415,151.17192166423717,146.00951353145612,108.5849086472677,171.08437846355363
2026-07-17 21:00:00,168.65,179.6625,175.81302428655263,178.51325666731745,146.83733675729044,195.05484152886024
2026-07-17 22:00:00,165.22,185.845,177.85065571661053,183.51248675954156,147.63936358389665,193.77944342425596
2026-07-17 23:00:00,158.65,176.4325,171.42499255999752,174.1836484746868,143.74489823654474,181.45846908135948
2026-07-18 00:00:00,160.2875,170.565,166.1105801454222,166.13258633046527,154.00896656341803,177.08804585180104
2026-07-18 01:00:00,156.69,164.9925,161.65117841133883,159.32531214641062,145.6083731847279,170.2488404056754
2026-07-18 02:00:00,156.16,163.52,158.56416110873053,158.54902810390095,142.4561329778606,168.1193524228729
2026-07-18 03:00:00,154.985,163.22,157.83096227999664,159.90319057546148,139.42475461138605,165.3970837974072
2026-07-18 04:00:00,154.79,162.88,157.3365890560615,158.95904181896856,141.35979596681048,165.25165847055945
2026-07-18 05:00:00,154.83499999999998,163.0625,157.3978547025948,157.88317196053336,142.54875383120753,165.8912846789832
2026-07-18 06:00:00,156.42000000000002,165.135,156.12723468158788,159.9931746432503,142.09304075273727,168.51702351177676
2026-07-18 07:00:00,154.16500000000002,166.6,151.79465900463208,152.3539465293849,138.35553810106683,173.20564255168975
2026-07-18 08:00:00,112.74,155.8525,118.78062759904063,131.74243360432342,78.71223850618867,166.91512643780203
2026-07-18 09:00:00,48.3925,127.9575,84.08043198443599,92.86697318685464,55.877145519430755,144.49351164937323
2026-07-18 10:00:00,10.504999999999999,110.11,42.12814265697598,58.278904820214294,15.103357956201876,137.9539895412143
2026-07-18 11:00:00,1.3525,104.2525,31.99206068742616,46.777703798025605,9.07768631127145,132.08289324129032
2026-07-18 12:00:00,0.4475,99.025,23.904134551384885,36.14656349033356,13.075645519404475,127.08005912510951
2026-07-18 13:00:00,0.0,98.2,19.473759167023374,32.866987247667154,12.71397679820786,129.25331289936304
2026-07-18 14:00:00,0.0,98.08,20.53458060767022,32.748791455272766,13.06336603863598,129.58094163398454
2026-07-18 15:00:00,0.3425,97.7775,20.759298177465283,33.23859572531396,14.446990934309099,126.33661046210052
2026-07-18 16:00:00,0.975,97.8425,22.181371886916267,34.19724137934862,12.60519167513052,125.78110371260317
2026-07-18 17:00:00,3.0774999999999997,98.0875,26.899837080092,38.047204891594504,18.372968184651214,124.24326280073248
2026-07-18 18:00:00,57.1425,107.8275,54.60332203131078,60.58070706939181,19.798937042107347,129.46365382524954
2026-07-18 19:00:00,102.92750000000001,132.985,96.46340183760245,98.62509690784944,69.86767648459347,148.14993267484314
2026-07-18 20:00:00,137.7975,160.33,136.58784025963007,140.91377839231362,110.52888043042357,169.47018294271987
2026-07-18 21:00:00,152.845,168.65,154.078300100866,159.34724375318794,141.09755114532317,184.49302365918118
2026-07-18 22:00:00,154.2925,165.22,153.17343759712506,158.33128533746788,132.4215210324506,177.77416261670197
2026-07-18 23:00:00,146.67000000000002,158.65,142.16951319360953,149.51010379554177,121.11547126871469,171.47782071756086
2026-07-19 00:00:00,162.575,160.2875,139.56175198940792,150.96723720866953,121.95765849228947,170.5632905929547
2026-07-19 01:00:00,160.745,156.69,132.20823327131006,147.12512318504494,106.72208115122673,168.3762029969084
2026-07-19 02:00:00,158.805,156.16,127.38353637916158,140.11002638907274,107.12251401871112,168.49955711418204
2026-07-19 03:00:00,155.375,154.985,135.1548777213999,146.57050130259222,111.43236734672604,166.65885355359066
2026-07-19 04:00:00,153.48,154.79,133.70633737275563,139.24799827627606,109.61466969574344,167.1049531735855
2026-07-19 05:00:00,157.5,154.83499999999998,128.94966312274818,139.20751828446552,107.98277762781746,167.01096542078875
2026-07-19 06:00:00,161.07999999999998,156.42000000000002,132.33976952658765,141.9076724530538,105.2033534789067,166.29812447247676
2026-07-19 07:00:00,153.31,154.16500000000002,118.8254245957772,132.28013599119518,82.96384974218245,166.7322564511588
2026-07-19 08:00:00,105.2125,112.74,84.77521645982176,80.92950141099134,47.85362280213401,136.15313855392085
2026-07-19 09:00:00,34.472500000000004,48.3925,19.457728660510554,13.709501318777136,-2.7610913149966194,65.81830825119515
2026-07-19 10:00:00,0.3075,10.504999999999999,5.697329634110534,3.814737052447189,2.0328904597064286,11.104480710628026
2026-07-19 11:00:00,-0.005,1.3525,5.249501201738632,-0.287976895857871,-1.0589883802975022,1.1707759443272332
2026-07-19 12:00:00,-0.01,0.4475,4.15373411255417,-1.3361335165161536,-1.440956143402466,0.019583410946476754
2026-07-19 13:00:00,0.0,0.0,1.8064057144757748,-2.180572742495855,-3.995278202083413,-0.31418585435951907
2026-07-19 14:00:00,0.0,0.0,1.8064057144757748,-1.921789884569765,-4.0999291541254586,-0.7333680738420219
2026-07-19 15:00:00,-0.015,0.3425,1.790734500680911,-1.4830059604193562,-3.3918737607610177,-0.4571159433749412
2026-07-19 16:00:00,-0.035,0.975,3.2525026360888423,-1.3447331028552103,-3.1951621209256995,-0.32645576190444237
2026-07-19 17:00:00,0.0025,3.0774999999999997,4.923219741896679,0.6834162952501281,-1.0283550771542296,2.3847690790974494
2026-07-19 18:00:00,18.627499999999998,57.1425,22.929266430672655,27.86082726808142,-9.49993022343649,77.11449354250385
2026-07-19 19:00:00,99.495,102.92750000000001,73.28884341850599,81.10449329785499,48.442528660552306,124.05685683104431
2026-07-19 20:00:00,142.39999999999998,137.7975,115.7436416604357,133.95233265489938,91.89831849890433,153.87708550468815
2026-07-19 21:00:00,172.215,152.845,143.97322919517498,151.07882650003702,112.84091480470879,173.61939351920665
2026-07-19 22:00:00,175.7575,154.2925,147.78535075179687,152.64609339302947,118.99253478444137,178.8266010796741
2026-07-19 23:00:00,172.25,146.67000000000002,135.8267299457535,145.35245326484656,104.54643964559452,165.29675790552966
2026-07-20 00:00:00,164.3125,162.575,179.2217898306729,175.52412100731345,144.01129479256286,187.89357481755906
2026-07-20 01:00:00,159.8225,160.745,167.2857777408742,170.24287169959487,147.08081007168664,179.6221486395136
2026-07-20 02:00:00,158.94,158.805,169.12409465888788,168.86308499914972,147.13714781896357,178.26349997478903
2026-07-20 03:00:00,158.64,155.375,175.55512500788944,163.7365364593019,145.1810073073307,183.28589918021137
2026-07-20 04:00:00,159.035,153.48,161.94540597058707,160.61446774020638,147.18513196810738,180.38271151251925
2026-07-20 05:00:00,161.6975,157.5,166.8911597091805,164.790386486878,148.07525478745254,185.9329443695362
2026-07-20 06:00:00,172.0025,161.07999999999998,174.92316588375996,175.41015028177108,150.07453756415399,191.57599769407972
2026-07-20 07:00:00,176.2525,153.31,167.07961422699557,172.44842366913346,141.9939848224108,199.1284392797631
2026-07-20 08:00:00,160.8225,105.2125,150.21724394790235,139.4893367493889,92.41795907150657,186.67683875019347
2026-07-20 09:00:00,121.4475,34.472500000000004,108.14645884897408,94.77857568450064,8.05071822758596,155.08763303687027
2026-07-20 10:00:00,97.625,0.3075,94.6591132261853,80.01956713737329,-28.334549755139818,105.07612206497478
2026-07-20 11:00:00,85.5625,-0.005,82.21109010000363,71.52187928062921,-24.75133457419858,99.45390990141678
2026-07-20 12:00:00,81.7375,-0.01,83.66149926111494,69.34276855179782,-24.139412688216794,94.29340216782653
2026-07-20 13:00:00,80.0025,0.0,83.86488091634254,71.4210243588545,-24.96305395299069,91.1808460849541
2026-07-20 14:00:00,77.08500000000001,0.0,83.52169139058522,70.08099268724064,-24.494666445024393,92.68933856316369
2026-07-20 15:00:00,64.3925,-0.015,83.41696033683246,71.15503320940334,-24.444489755566124,93.97501720098248
2026-07-20 16:00:00,63.1425,-0.035,78.02658911774513,71.35004944923901,-24.868275227110757,94.53034461584274
2026-07-20 17:00:00,78.1075,0.0025,83.25353611972861,74.35867977111906,-27.32041188936074,100.4629673816769
2026-07-20 18:00:00,103.85249999999999,18.627499999999998,107.56610525338537,97.14562510619264,-14.692116675557102,131.42153509987054
2026-07-20 19:00:00,137.24,99.495,128.90074179105417,128.4545837271738,89.46695444449887,175.99772708019304
2026-07-20 20:00:00,167.0,142.39999999999998,171.24712620563446,163.72627747947627,125.9534397065641,193.43437098435678
2026-07-20 21:00:00,178.7625,172.215,188.2124613311622,185.97358503999587,158.60535084021475,232.0596083601389
2026-07-20 22:00:00,177.08249999999998,175.7575,198.43482615128823,190.07359695304194,156.04122912239052,224.7518045384918
2026-07-20 23:00:00,168.175,172.25,192.56861619740118,183.3975553605543,154.7311167362108,211.20088825707415
2026-07-21 00:00:00,170.1175,164.3125,176.9402440263646,171.87135091126055,138.6141369882278,185.5562997695698
2026-07-21 01:00:00,162.465,159.8225,164.9501484156431,165.43599128193705,139.6350116908942,182.22582382533133
2026-07-21 02:00:00,161.755,158.94,166.56172259427922,165.29830398656077,138.45793283302956,181.2552088007068
2026-07-21 03:00:00,162.28,158.64,167.99057851058342,164.90201105057002,141.78941026591468,177.17640393989956
2026-07-21 04:00:00,161.41,159.035,168.48122028267244,165.69073735705618,143.23870705176185,179.62919000632795
2026-07-21 05:00:00,162.2625,161.6975,169.64699452565569,167.80872369172894,144.08740694969177,183.4638658980319
2026-07-21 06:00:00,168.085,172.0025,182.06573745537372,179.52267011102512,156.4842302829299,189.13857208042586
2026-07-21 07:00:00,169.155,176.2525,184.6557482863587,181.88368950604672,156.62444175125103,193.757149187909
2026-07-21 08:00:00,157.8125,160.8225,155.1620009503297,156.8151522358998,119.09140291948543,180.70887854274486
2026-07-21 09:00:00,133.34,121.4475,121.74221899847544,125.63881868036911,73.90951556362293,135.63506262454231
2026-07-21 10:00:00,104.4075,97.625,92.68119422236524,95.24974142369089,31.15061563785791,112.15445736945696
2026-07-21 11:00:00,87.35749999999999,85.5625,91.41899629965133,91.4362786509877,19.311851701444766,103.9199186028438
2026-07-21 12:00:00,83.9425,81.7375,91.68391719891333,87.80926102775369,21.25798838006085,99.71461534595402
2026-07-21 13:00:00,83.7125,80.0025,86.63434611044768,86.55336546339858,16.879313232810546,96.15899174784415
2026-07-21 14:00:00,82.97,77.08500000000001,80.31405346805413,84.29239144546443,29.540759591768435,94.93033871555222
2026-07-21 15:00:00,82.715,64.3925,68.1055475245499,78.18940261590035,18.93574862413957,84.96426129192109
2026-07-21 16:00:00,85.1625,63.1425,69.18335290090698,76.23143991881928,11.102375964668312,92.88651545410924
2026-07-21 17:00:00,93.94999999999999,78.1075,85.96438632021258,86.88097923657757,18.693679593550414,106.56204143680822
2026-07-21 18:00:00,119.0875,103.85249999999999,95.11284959652026,97.98217758672394,48.09286829504163,128.6937548571363
2026-07-21 19:00:00,152.4325,137.24,136.82087760768388,132.02410972321417,86.52424085786288,174.64231028408634
2026-07-21 20:00:00,167.775,167.0,166.84420059069637,168.39444277798495,143.49956416383287,190.9312152233339
2026-07-21 21:00:00,175.75,178.7625,183.31413271215803,182.39066567021433,149.62213894659868,209.9747479929064
2026-07-21 22:00:00,174.67,177.08249999999998,177.31686694346814,179.6370918773626,152.8198234465056,197.95007382212094
2026-07-21 23:00:00,167.175,168.175,165.96637081011104,171.31420992922025,147.76271875549162,182.73331159525068
2026-07-22 00:00:00,172.5,170.1175,174.3378039923005,170.86723589495193,154.37704364340922,192.37796751970396
2026-07-22 01:00:00,162.67000000000002,162.465,163.7052870246318,161.09888985393084,148.22886293520057,182.6422132982368
2026-07-22 02:00:00,162.94,161.755,164.81473036998364,160.19069648779342,147.7818293075348,181.50037831144596
2026-07-22 03:00:00,163.945,162.28,162.60811983922503,161.31019938106655,146.5811882250581,182.46516376605288
2026-07-22 04:00:00,167.185,161.41,158.78261384214747,159.6848302809029,137.42662139230518,179.8807531974644
2026-07-22 05:00:00,171.5,162.2625,160.00340623798954,161.13264740800207,137.72652098397717,176.52642958093134
2026-07-22 06:00:00,175.9025,168.085,170.61211290370207,169.2214765277848,149.1371605370203,185.56001534510114
2026-07-22 07:00:00,180.23749999999998,169.155,169.7421854797042,170.386034185217,139.80501293469132,191.80401922424744
2026-07-22 08:00:00,174.3725,157.8125,159.1157076437587,158.24684259048172,129.96228749536286,177.8536017758961
2026-07-22 09:00:00,162.825,133.34,123.56843094964381,126.75607602669724,93.07190193751254,168.76813976068016
2026-07-22 10:00:00,126.38499999999999,104.4075,93.66192957855277,96.7181807382462,37.93244840711482,133.3992365775484
2026-07-22 11:00:00,101.9575,87.35749999999999,89.79978177263854,90.07115962759228,32.60806417046528,120.70716617938793
2026-07-22 12:00:00,94.9075,83.9425,91.17015820257187,92.89002267399584,29.991340861543193,119.38904230716022
2026-07-22 13:00:00,94.175,83.7125,94.95131901471007,90.29545111218465,31.47883628359108,121.32322601012955
2026-07-22 14:00:00,93.00750000000001,82.97,98.84120409101416,89.66452639699581,30.004124927091276,126.67604065091575
2026-07-22 15:00:00,90.43,82.715,101.4226160204631,90.07393563579147,32.775177092721584,122.23072521770082
2026-07-22 16:00:00,91.8275,85.1625,98.09173869128472,91.67130956368051,35.07237589259949,125.8607180946702
2026-07-22 17:00:00,98.2725,93.94999999999999,72.80746707103685,84.08819770468763,9.822345183579614,128.20047089279174
2026-07-22 18:00:00,119.48,119.0875,115.94844941908813,114.12319609373935,73.05662937916199,147.711159464363
2026-07-22 19:00:00,159.5875,152.4325,149.77012127027604,150.47810374497197,117.38129716491397,179.52685774542883
2026-07-22 20:00:00,178.905,167.775,169.9971091265733,170.45996274137633,145.94604429188473,190.61340336908725
2026-07-22 21:00:00,244.1,175.75,178.9011879290953,175.35694346813293,144.1993655585285,218.36885733407155
2026-07-22 22:00:00,230.7875,174.67,171.97429047199282,172.68950191033701,143.59405502312575,203.247379363466
2026-07-22 23:00:00,189.675,167.175,157.79690231856262,165.7645442786348,140.48865001800664,184.73897142467166
2026-07-23 00:00:00,186.9325,172.5,172.69938866667823,173.62809409545955,158.87625957262,184.8565832784643
2026-07-23 01:00:00,177.045,162.67000000000002,156.80149730334293,162.3613845147624,136.66923234151864,173.85285606339804
2026-07-23 02:00:00,174.61,162.94,156.76653008219077,162.81390603867104,137.83642779307107,172.29155002688242
2026-07-23 03:00:00,174.0025,163.945,161.01291940816253,164.4756449242291,144.81025717182686,174.303757099702
2026-07-23 04:00:00,174.005,167.185,166.07932099521736,167.57839426699655,151.49114444306747,182.19484709739442
2026-07-23 05:00:00,174.25,171.5,171.62753631444022,172.15673427351496,156.44704081866632,185.84733311194844
2026-07-23 06:00:00,174.4225,175.9025,175.7731882693965,175.8849691915919,157.77994667421845,189.80394435212472
2026-07-23 07:00:00,174.04500000000002,180.23749999999998,179.18503407920284,179.34301568387443,155.50387740078676,196.2019031620619
2026-07-23 08:00:00,163.83249999999998,174.3725,172.6226483425919,172.67598382334688,146.51350908247625,188.92807219903455
2026-07-23 09:00:00,133.4125,162.825,159.1547616000998,164.94143143735093,118.61545276942235,174.65815378927653
2026-07-23 10:00:00,103.8775,126.38499999999999,122.73223593396138,126.52219744778021,66.94393080246712,169.05404112137853
2026-07-23 11:00:00,76.845,101.9575,92.04375625245015,100.87463603186212,65.68748814306542,135.40499319332557
2026-07-23 12:00:00,38.852500000000006,94.9075,97.02787238001619,96.41213196047016,65.41701301603248,122.20868967850585
2026-07-23 13:00:00,35.6025,94.175,97.66810169956953,94.03937262029488,69.1386133015182,121.89783589259534
2026-07-23 14:00:00,38.962500000000006,93.00750000000001,101.506623913482,93.29431980318599,69.404859070742,130.59172730367362
2026-07-23 15:00:00,38.519999999999996,90.43,97.15725064609161,88.58887104143211,60.29130735285748,126.89771379800803
2026-07-23 16:00:00,38.88,91.8275,96.12914234837372,89.87171528701909,55.62581652612686,127.0441348724068
2026-07-23 17:00:00,75.5775,98.2725,91.1304075927882,92.5965944588302,55.864976454482154,127.40048541796473
2026-07-23 18:00:00,110.485,119.48,106.45651028437335,116.01592041862,56.88732610125822,138.4581601990375
2026-07-23 19:00:00,154.7275,159.5875,158.37928158452138,156.1284141079989,109.98623001633919,175.78521254159048
2026-07-23 20:00:00,181.9875,178.905,178.27758727076497,177.65044199517476,142.89356959671937,192.68088217805166
2026-07-23 21:00:00,255.1575,244.1,209.1601162396083,216.89624729554185,161.36005536905205,258.04929106864
2026-07-23 22:00:00,231.725,230.7875,211.96740320515852,207.02987815110112,178.53140504589084,244.73571775085048
2026-07-23 23:00:00,193.8375,189.675,179.6144691302864,187.26183496119006,160.2150927378108,202.61084753354527
2026-07-24 00:00:00,183.375,186.9325,183.844708268892,182.96936913546082,174.78707222527788,193.86717745931915
2026-07-24 01:00:00,180.75,177.045,172.63546339348082,172.99133761565093,164.0451013702337,183.79908215513666
2026-07-24 02:00:00,182.7275,174.61,169.7810555886146,171.22473122047495,160.73617082421907,181.36762836852918
2026-07-24 03:00:00,181.155,174.0025,169.97207576442727,170.7719636707215,161.65566772466306,180.09455932706055
2026-07-24 04:00:00,179.2525,174.005,169.3285505247286,171.07165175807387,159.32145641879518,181.531799538885
2026-07-24 05:00:00,172.4075,174.25,170.05707291769966,171.6750018499533,160.75095162226617,180.65298889790165
2026-07-24 06:00:00,180.65,174.4225,171.16396940117838,171.3541374205835,159.81508665565667,183.03551706026818
2026-07-24 07:00:00,180.3275,174.04500000000002,172.923964597282,171.56356741289346,151.91498666416038,192.56078381866357
2026-07-24 08:00:00,180.2025,163.83249999999998,155.65712969899778,157.95874499070655,133.9494287074259,185.18558198006002
2026-07-24 09:00:00,127.36,133.4125,129.53114058960884,131.290846743822,87.44727732121831,164.6144999320308
2026-07-24 10:00:00,75.93,103.8775,106.44615663133611,104.66695802364268,74.05265609509176,132.68974944863658
2026-07-24 11:00:00,12.4075,76.845,85.05733571282698,79.15147411667023,66.63032692678007,119.64463072940922
2026-07-24 12:00:00,1.4825,38.852500000000006,52.30813524506807,52.18548980031442,31.00172137442853,88.61195446055643
2026-07-24 13:00:00,0.8125,35.6025,51.225552339410626,47.49004828194386,28.09928519830653,86.90845502086123
2026-07-24 14:00:00,0.5475,38.962500000000006,52.57799329717411,54.186613590267996,29.181469761131666,84.21780214189812
2026-07-24 15:00:00,0.29000000000000004,38.519999999999996,52.184217305476245,53.849142116663415,28.259747199097166,83.61178150203837
2026-07-24 16:00:00,0.66,38.88,52.861748895406926,53.977610843246254,28.887643408048685,83.78663586124992
2026-07-24 17:00:00,2.375,75.5775,84.05040822028555,75.9088387294987,65.79100377302483,117.25791891947284
2026-07-24 18:00:00,19.707500000000003,110.485,105.06108029213935,110.9042885142895,86.01110296884976,128.49553635200903
2026-07-24 19:00:00,86.255,154.7275,148.78658540634376,152.20478755341657,118.28145357359806,165.49402696380167
2026-07-24 20:00:00,157.47,181.9875,175.50617314898824,177.9929097689905,155.38654398150837,191.60478783843928
2026-07-24 21:00:00,186.2925,255.1575,212.96814061872513,229.96116150027945,166.62890326811691,266.21366057067473
2026-07-24 22:00:00,188.2775,231.725,188.97663339004612,209.06359723919186,148.36689124364867,250.12935499956586
2026-07-24 23:00:00,180.115,193.8375,183.7331559760582,190.66341870309543,148.76171194829993,204.78996964556325
2026-07-25 00:00:00,171.4225,183.375,173.9709424950667,176.03095226821384,145.9100649499433,187.55383478416223
2026-07-25 01:00:00,171.1025,180.75,171.4892263685199,172.18070973805598,151.29273356395817,186.98877607295026
2026-07-25 02:00:00,162.005,182.7275,173.92926953478275,173.6414859552553,151.76872006669788,185.92770158073205
2026-07-25 03:00:00,157.4125,181.155,168.67398702688934,171.37859102094964,149.40621021200076,185.20086868929084
2026-07-25 04:00:00,153.4875,179.2525,167.24686216711854,170.26398609225816,148.06173928128865,184.241207356078
2026-07-25 05:00:00,148.0,172.4075,164.68583463424798,164.76737751589195,151.6936341356063,176.20975110041456
2026-07-25 06:00:00,148.9875,180.65,166.50546116837364,169.60719674905283,150.81939067683484,187.08748254559814
2026-07-25 07:00:00,139.99,180.3275,157.98915433935463,159.87137907521026,144.2864984367897,186.58938983103275
2026-07-25 08:00:00,84.74249999999999,180.2025,155.26063074568475,158.57375131155453,129.0221211874661,185.60746701291393
2026-07-25 09:00:00,10.995000000000001,127.36,87.73002654644685,79.71837571673166,59.44415011002736,158.98140189508177
2026-07-25 10:00:00,-0.11750000000000001,75.93,27.599304794021165,25.448039548430863,16.78229475334909,111.07374482384844
2026-07-25 11:00:00,-1.4325,12.4075,6.036404588245226,6.4082208689822755,1.354325615148059,18.61670964674867
2026-07-25 12:00:00,-1.0,1.4825,2.474630607330484,2.527658354773098,-0.7438120966300521,7.848595584902229
2026-07-25 13:00:00,-1.0,0.8125,1.9968443636028224,1.7737715382320847,-0.7878967362392992,6.742133703697447
2026-07-25 14:00:00,-1.0,0.5475,0.9341076625377427,1.3774346020647674,-1.2655952063446088,5.519508462229725
2026-07-25 15:00:00,-1.0150000000000001,0.29000000000000004,0.21352356129352482,0.7749888927018368,-1.517971336719771,4.28039982136887
2026-07-25 16:00:00,-0.4325,0.66,-0.4425629581943723,1.0952892944309918,-1.2211925883171277,2.6200497480171627
2026-07-25 17:00:00,-0.015000000000000001,2.375,-1.7990893410436861,0.9752244265821975,0.3762567716798133,1.16758529113344
2026-07-25 18:00:00,0.8400000000000001,19.707500000000003,23.92558081958854,28.089955343590884,9.616329462077786,45.99222799037747
2026-07-25 19:00:00,24.84,86.255,80.56310840035776,74.21915023433095,54.18819729081348,118.61249976360514
2026-07-25 20:00:00,114.9225,157.47,143.2584180202833,143.88091739920876,118.23141805937307,173.71156450680655
2026-07-25 21:00:00,161.26,186.2925,164.97987133928663,167.03260057291777,130.7867223866225,210.00711134690835
2026-07-25 22:00:00,165.48250000000002,188.2775,167.6942103103293,170.17421373694145,133.178261611742,210.28381447399425
2026-07-25 23:00:00,160.0,180.115,155.449420629394,156.90807674119475,134.00074144909215,193.08198989358746
2026-07-26 00:00:00,133.84,171.4225,162.4602252494897,165.6928434609988,137.25074255432364,185.9554736782915
2026-07-26 01:00:00,130.525,171.1025,162.22710319872465,166.42761584690987,138.25384998911338,179.8862477500439
2026-07-26 02:00:00,126.83250000000001,162.005,152.00722874900242,158.33855557280228,130.13407965116164,173.12168794423718
2026-07-26 03:00:00,124.34,157.4125,146.78094516451793,154.630873010282,115.72778609428728,168.99421501623593
2026-07-26 04:00:00,119.59,153.4875,144.77868345002452,151.3563190866613,116.06335953803803,172.0359770699717
2026-07-26 05:00:00,122.08,148.0,134.18609175888926,145.3459336602406,102.19235167458599,173.95337617995492
2026-07-26 06:00:00,127.4475,148.9875,144.0687293569163,147.035880808793,111.10509290012237,174.7525790723715
2026-07-26 07:00:00,109.64750000000001,139.99,125.91687646569315,135.88358987241185,89.5866243646573,169.91384243834722
2026-07-26 08:00:00,36.075,84.74249999999999,71.62695797916516,73.5773174309191,44.595941214440316,121.03243626984153
2026-07-26 09:00:00,-0.035,10.995000000000001,7.521565355018441,7.948146668999545,2.914095809428603,25.974574047900187
2026-07-26 10:00:00,-0.5900000000000001,-0.11750000000000001,-3.2801151848940395,-2.4431725544407334,-2.8664737918970182,4.1970600534681335
2026-07-26 11:00:00,-1.0,-1.4325,-4.827759667757017,-1.8350302747402891,-1.9062833531933383,1.0378791986096627
2026-07-26 12:00:00,-0.8,-1.0,-4.494182466576708,-2.3288960478092315,-2.4050311219602425,4.965046863667039
2026-07-26 13:00:00,-0.63,-1.0,-4.642384009672124,-2.4178850086745247,-3.0515858784787095,5.243916896335762
2026-07-26 14:00:00,-0.63,-1.0,-4.696884216951938,-2.4052468777897986,-2.474732577260042,4.938928090935914
2026-07-26 15:00:00,-0.77,-1.0150000000000001,-4.711884216951939,-2.454972103565013,-3.067375726762771,4.978677841727496
2026-07-26 16:00:00,-0.855,-0.4325,-4.071103204747154,-1.2204746699586537,-1.4651455124737771,5.221429574433666
2026-07-26 17:00:00,-0.22,-0.015000000000000001,-4.303963450913717,0.7287782607060198,-0.2438515985048249,4.262891151160324
2026-07-26 18:00:00,-0.0025,0.8400000000000001,1.5047389966908473,-0.46914700204252924,-1.6143936494907345,24.955622465973974
2026-07-26 19:00:00,37.3525,24.84,37.855635572532265,38.485894707532616,15.785069715542654,79.95737624679
2026-07-26 20:00:00,112.0125,114.9225,110.20601588514144,113.06212398982666,70.59328402650371,148.5755783356891
2026-07-26 21:00:00,166.625,161.26,155.29813846115727,165.8226130992155,119.04762500969248,199.10696996870945
2026-07-26 22:00:00,174.87,165.48250000000002,168.41481474204042,170.18449296045912,121.30907032247868,200.73413804611226
2026-07-26 23:00:00,149.29250000000002,160.0,157.77785197895827,160.53135435584034,127.39032654015674,199.1890912292953
2026-07-27 00:00:00,158.5975,133.84,139.458696659217,152.1231081107543,88.45713457281796,193.86552215011363
2026-07-27 01:00:00,145.39249999999998,130.525,131.05425927481505,147.0425946301418,67.10338152885855,212.53078665443718
2026-07-27 02:00:00,138.22500000000002,126.83250000000001,122.51972792464217,144.83046325554736,60.47669945604753,181.8809953519011
2026-07-27 03:00:00,132.2375,124.34,126.2999016319953,141.75354655057953,59.46109471110101,179.99279761069252
2026-07-27 04:00:00,124.4725,119.59,125.98815585568168,137.3689732277693,64.66157858348238,162.98348733693393
2026-07-27 05:00:00,126.895,122.08,134.4814572172375,143.873131800038,65.32287714002449,171.14826743714335
2026-07-27 06:00:00,140.775,127.4475,167.72759222497479,163.8823025302011,73.29393674601702,187.36038560238245
2026-07-27 07:00:00,150.3825,109.64750000000001,150.49425849761195,148.29337386314828,96.58904044696727,189.31412769204252
2026-07-27 08:00:00,121.69,36.075,108.60512341117109,104.80422030190553,23.18232844973494,150.99712689400832
2026-07-27 09:00:00,73.965,-0.035,93.16399081670318,80.10309684236245,-21.65988808581082,139.84061561290684
2026-07-27 10:00:00,7.035,-0.5900000000000001,52.64281704648926,53.77461114471326,-13.59640520579407,99.33888181272634
2026-07-27 11:00:00,0.0,-1.0,55.66514906987555,66.21227910527219,-21.904808467221287,76.77213157996401
2026-07-27 12:00:00,0.0075,-0.8,46.75438330157535,54.03193584483308,-18.150551240981336,72.03393103897035
2026-07-27 13:00:00,0.3025,-0.63,43.50465526349911,47.657368244475705,-15.679934868853323,73.14418381956801
2026-07-27 14:00:00,0.51,-0.63,44.518244710619804,47.5819108892733,-15.537538035510615,73.23306316104069
2026-07-27 15:00:00,0.5025,-0.77,44.97359598834473,47.79980049497081,-16.034060014585066,74.9026016659275
2026-07-27 16:00:00,0.925,-0.855,43.12495462166246,46.324466474477745,-15.29738132743924,77.3624026574581
2026-07-27 17:00:00,5.987500000000001,-0.22,46.93751928143094,49.19603167824401,-14.773015722076813,81.63460635180651
2026-07-27 18:00:00,89.62,-0.0025,58.18378231274502,58.913574739990224,-17.438594904496924,93.78087172958658
2026-07-27 19:00:00,145.81,37.3525,80.94115141045216,69.99700650400352,23.133851368849868,124.75196806676735
2026-07-27 20:00:00,174.13,112.0125,177.7182585221775,156.00879314920854,94.02032244419624,204.00635076636397
2026-07-27 21:00:00,232.27249999999998,166.625,213.2180852884891,194.5525325687551,145.07307344009615,229.98093491375187
2026-07-27 22:00:00,199.22750000000002,174.87,195.9742559369218,186.8071118077625,158.63189143175288,227.61157201439894
2026-07-27 23:00:00,183.5025,149.29250000000002,180.85370303511849,181.66943635669065,129.45622607889266,205.38809293930152
2026-07-28 00:00:00,178.85,158.5975,178.85377355830875,169.80240477878147,136.983499780389,191.9728593833347
2026-07-28 01:00:00,173.8,145.39249999999998,170.20057313791347,163.6002092922662,114.79778077811284,180.78499365567566
2026-07-28 02:00:00,170.28,138.22500000000002,164.08848888099305,155.51972350939087,108.25970721302356,175.93439498244092
2026-07-28 03:00:00,165.84,132.2375,149.71363672123158,144.32260552673233,100.06800055666784,188.48075574896066
2026-07-28 04:00:00,164.06,124.4725,153.31110117883227,153.78877983504765,71.70783464615826,176.66185113304124
2026-07-28 05:00:00,166.2475,126.895,145.52678318628568,138.44714511568677,81.37451536158058,183.51583361314147
2026-07-28 06:00:00,180.6,140.775,167.35338080986594,158.03895264118316,114.14302799580187,170.5461111224129
2026-07-28 07:00:00,182.85,150.3825,148.4127419012378,152.7114187137057,102.77686587011661,191.69010320329437
2026-07-28 08:00:00,169.42249999999999,121.69,130.5155717983137,133.9037056146163,49.83452538864118,162.53362448169923
2026-07-28 09:00:00,120.4425,73.965,71.21476859869207,71.45682413139144,32.994509991714445,128.56015515516594
2026-07-28 10:00:00,76.5825,7.035,53.24863737922118,42.82171197838028,-11.170126938288746,103.83496845372179
2026-07-28 11:00:00,8.88,0.0,26.99450477891664,29.43865202259357,-3.382603155985432,75.85506799788135
2026-07-28 12:00:00,1.0975000000000001,0.0075,25.4249332351244,28.062253146698374,-1.6047785602399003,71.01388461041466
2026-07-28 13:00:00,1.1749999999999998,0.3025,25.25836678261264,26.078458022354717,-1.0572017278020844,71.08948960458548
2026-07-28 14:00:00,1.72,0.51,25.465866782612643,25.049359981125278,-0.2995611303139576,73.32242180353003
2026-07-28 15:00:00,1.3325,0.5025,27.371848163241197,24.09943196709055,0.07727257523260889,73.90162799767603
2026-07-28 16:00:00,15.4925,0.925,30.100175919920243,27.373345370814775,-1.235285505693259,73.7508288174477
2026-07-28 17:00:00,84.285,5.987500000000001,38.66253987362467,36.22113907310721,-9.632498911698029,95.08248316876347
2026-07-28 18:00:00,134.3975,89.62,79.07978218231067,86.23841038158659,38.27178262529234,111.88743277482146
2026-07-28 19:00:00,165.09,145.81,144.56941440598482,140.77897523091423,104.20119410462655,171.4554759961996
2026-07-28 20:00:00,205.0,174.13,174.66738444061698,170.15669227573173,135.30710810839952,198.45112784591666
2026-07-28 21:00:00,224.8975,232.27249999999998,191.619871421547,206.88329908343763,155.43390721961242,249.0533281736931
2026-07-28 22:00:00,194.9975,199.22750000000002,182.27566848013322,193.88723808874153,159.5405871269532,212.4451950266823
2026-07-28 23:00:00,181.0025,183.5025,176.87898569392618,180.46826255134962,149.97742826568646,202.3531467637458
2026-07-29 00:00:00,171.165,178.85,178.79516569290877,183.2220534912024,153.28258265275386,205.76754647971535
2026-07-29 01:00:00,167.14000000000001,173.8,172.25681640899816,178.47951986870208,142.65461643706604,188.8030060622435
2026-07-29 02:00:00,167.775,170.28,173.06682137448848,173.74410376298403,141.48940840792886,194.49588982347544
2026-07-29 03:00:00,168.4625,165.84,170.0144720001073,171.96173831286973,135.4102500948942,193.4464006912665
2026-07-29 04:00:00,168.4,164.06,160.61586110894498,162.64574393942948,124.60311775998454,193.0342900249676
2026-07-29 05:00:00,168.5875,166.2475,162.9653663365596,164.83324393942948,123.44258433930494,196.11058602940298
2026-07-29 06:00:00,169.88,180.6,171.3978782173106,179.23605486303583,138.96987376252613,207.78757530477515
2026-07-29 07:00:00,170.845,182.85,177.7492826922943,184.1935153645162,142.08947292399367,206.0670242406807
2026-07-29 08:00:00,166.15,169.42249999999999,157.61143538760828,163.88834146575422,123.62606919120034,191.24957376848306
2026-07-29 09:00:00,123.8,120.4425,127.03198218087485,117.08444616357865,68.74168508454275,167.74976027027972
2026-07-29 10:00:00,89.97,76.5825,79.08935810801594,70.48454390377294,48.95860650946341,115.461546802836
2026-07-29 11:00:00,30.5275,8.88,30.677660741608413,31.794084453137515,-7.418262506484034,98.84287621584696
2026-07-29 12:00:00,3.64,1.0975000000000001,17.898963158111,17.0772377532729,2.7571107096365086,77.02794752719083
2026-07-29 13:00:00,3.015,1.1749999999999998,17.191991372467506,16.234483875815044,3.6785538333188246,75.31808935704647
2026-07-29 14:00:00,3.3600000000000003,1.72,17.736991372467504,15.636869582863822,4.415980219430205,78.30957250395149
2026-07-29 15:00:00,3.58,1.3325,16.70747859044971,15.40268844840394,3.9614931121080588,75.76827989355473
2026-07-29 16:00:00,20.572499999999998,15.4925,35.32750384072301,34.62432777224102,-7.407608000387256,89.03491488421835
2026-07-29 17:00:00,81.0025,84.285,69.18675272041247,77.74151022027463,19.93990266024023,106.40248544683939
2026-07-29 18:00:00,109.475,134.3975,127.81296404040386,132.2228675928633,92.45818032584134,153.4406254593538
2026-07-29 19:00:00,135.51749999999998,165.09,165.50430477729412,164.67255089481438,139.00566617727762,188.42083425708813
2026-07-29 20:00:00,185.69,205.0,189.07220877168788,191.49567142279733,169.0672848624408,215.21404267779187
2026-07-29 21:00:00,216.35500000000002,224.8975,212.4235462797104,215.81461524852992,170.75576231150256,268.09273905873744
2026-07-29 22:00:00,192.925,194.9975,189.91401038193948,204.35019480463913,146.20532434994755,240.1989697465632
2026-07-29 23:00:00,172.375,181.0025,167.39655269565938,178.2499994806075,133.34920122824596,221.72178614308862
